title,rent_fee,acreage,detail_address,description,link
"Cho thuê phòng trọ tại tại Phố Bạch Mai, Phường Bạch Mai, Quận Hai Bà Trưng",2.8,20 m²2,"Số 40/39 ngõ Mai Hương Phố Bạch Mai, Phường Bạch Mai, Quận Hai Bà Trưng, Hà Nội -Xem bản đồ","Phòng khép kín, sạch sẽ, thoáng mát, có điều hòa, bình nóng lạnh, internet, có bếp nấu ăn, sân phơi quần áo, nhà để xe, an ninh tốt, không chung chủ... - Gần trường ĐH Bách Khoa, Kình tế Quốc Dân, Xây Dựng và gần bệnh viện Bạch Mai, Thanh Nhàn BV tai mũi họng TW.... - Gần chợ Bách Khoa, chợ Mơ, Trại găng TTTM Vincom... Thông tin liên hệ:",https://phongtro123.com/phong-tro-khep-kin-tai-pho-bach-mai-pr591573.html
"Cho thuê phòng ở An Dương Vương - phòng đẹp, giá ưu đãi",3.5,25 m²2,"An Dương Vương, Phường Phú Thượng, Quận Tây Hồ, Hà Nội -Xem bản đồ","Phòng 25 m2, trong tòa nhà 7 tầng. Đầy đủ thiết bị hiện đại,mới, Giường, đệm, tủ, điều hòa, nóng lạnh, bếp, kệ bếp Thang máy , sân phơi, máy giặt, hầm để xe. Đặc biệt không gian thoáng, view hồ, view sông hồng rất đẹp. Tiện cho làm việc và học tập tại khu vực Q. Tây Hồ. Võ Chí Công, Ciputra, Xuân Đỉnh. Các trường học Tài Chính, HV HC, .... Vui lòng liên hệ để xem nhà. ưu đãi đặt cọc sớm.",https://phongtro123.com/cho-thue-phong-o-an-duong-vuong-phong-dep-gia-uu-dai-pr658787.html
Chủ tòa nhà cho thuê tại An Dương Vương - giảm giá 50% cho khách thuê tháng đầu tiên,3,25 m²2,"An Dương Vương, Phường Phú Thượng, Quận Tây Hồ, Hà Nội -Xem bản đồ","Tòa nhà 7 tầng, có thang máy, có hầm để xe Phòng 25m2, view hồ, Đủ đồ"" Điều hòa, tủ, giường, bếp Phòng đẹp , hiện đại Điện 3,5K/ số. Nước 100k/ người. Giá 3,5 triệu. Phù hợp với các bạn đi làm ở Hoàng Quốc Việt, Cầu Giấy, Tây Hồ Các bạn SV trường tài chính, học viên hành chính , trường mỏ. Đi lại tiện lợi, xe bus, xe máy Note: Phòng khép kín cho thuê tại An Dương Vương - giảm giá 50% cho khách thuê tháng đầu tiên",https://phongtro123.com/phong-khep-kin-cho-thue-tai-an-duong-vuong-pr650349.html
"Cho Thuê Phòng Trọ, Bát Tràng, Học Viện Nông Nghiệp",2.5,22 m²2,"72, ngõ 8 Đường Bát Khối, Xã Đông Dư, Huyện Gia Lâm, Hà Nội -Xem bản đồ","Cho Thuê Phòng Trọ 20-21m2, đầy đủ nội thất, máy điều hoà, bình nước nóng, xe ô tô vào tận nhà.Điện nước tính theo đồng hồ. Camera an ninh, internet FPT đường truyền tốc độ cao. Chiếu sáng đường đi và sân bằng đèn năng lượng mặt trời tiết kiệm chi phí. Có chỗ để ô tô xe máy rộng rãi. Chỗ phơi đồ riêng biệt, bơm nước tăng áp tự động cho sen tắm. Nhà trọ gần Học viện Nông Nghiệp 2Km, cách Bát Tràng 5 phút di chuyển, cách Cầu Thanh Trì 800m, đi Vinhome Ocean Park chỉ 8 phút, cách Ecopark 1,5 Km. Xung quanh đầy đủ dịch vụ ăn uống, siêu thị điện máy ( dốc Đa Tốn 800m), cây xăng 800m, trường cấp 3 ( 800m), chợ Bát Tràng (800m)… Từ nhà trọ đi lại tiếp cận dễ dàng các cao tốc Hà Nội - Hưng Yên, Hà Nội- Hải Phòng, Hà Nội - Lạng Sơn, Hà Nội - Thái Nguyên, Pháp Vân- Cầu Giẽ, Vành Đai 3. Không gian yên tĩnh, nhiều cây xanh, phù hợp với sinh viên và người lao động cần nghỉ ngơi sau ngày học tập , làm việc vất vả.",https://phongtro123.com/cho-thue-phong-tro-dong-du-ha-gan-bat-trang-va-vinhome-ocean-park-1-pr673544.html
Còn tầng 2 trong nhà nguyên căn 5 tầng.,3,30 m²2,"Phố Xốm, Phường Phú Lương, Quận Hà Đông, Hà Nội -Xem bản đồ","Còn tầng 2 trong nhà nguyên căn 5 tầng. Đ/c: Tổ 12 xóm Đoàn kết Trinh Lương, Phố Xốm, Phường Phú Lương, Quận Hà Đông, Hà Nội Đủ đồ: tủ lạnh, đh, nl, máy giặt, ban công Điện. 3k2. Nước: 10k/khối Wifi: 100k/phòng Rác: 10k/người Liên hệ: 0971603841",https://phongtro123.com/con-tang-2-trong-nha-nguyen-can-5-tang-pr673472.html
"Cho thuê phòng tại Tương Mai- Hoàng Mai , Nguyễn An Ninh.",3.8,30 m²2,"57 ngõ 35 Đường Nguyễn An Ninh, Phường Tương Mai, Quận Hoàng Mai, Hà Nội -Xem bản đồ","Cho thuê căn hộ trong chung cư mini tại Số 57 Ngõ 35 Phố Nguyễn An Ninh - Tương Mai - Hoàng Mai – Hà Nội. (* Chính chủ) - Phòng mới đẹp thiết kế hài hòa đầy đủ Vị trí trung tâm gần Bách-Kinh-Xây. - Còn phòng 25 - 30m2 . Full đồ cơ bản (điều hòa,Nóng lạnh, Giường, Tủ , Máy giặt, nội thất đẹp chất lượng cao .Có kệ tủ bếp nấu ăn. Nhà vệ sinh khép kín xịn, tiện nghi. công tơ điện nước riêng. Camera 24/24 yên tâm an ninh. - Để xe tầng 1 tiện lợi miễn phí, Ô tô đỗ đón tận cửa.. - Giá: 3.8 - 4,2tr tr/tháng ( thanh toán 2 tháng một lần, cọc 1 tháng). - Địa Chỉ: Số 57 Ngõ 35 Phố Nguyễn An Ninh – Hà Nội. Liên hệ gọi điện hẹn trước thời gian xem phòng vào khoảng 11h-14h sáng và 17h-19h chiều, ngoài giờ đó thì gọi điện lhe trước : 0934.672.806",https://phongtro123.com/cho-thue-phong-tai-nguyen-an-ninh-gan-kt-xd-bk-pr604749.html
"CHO THUÊ PHÒNG TRỌ GIÁ RẺ KHU ĐỊNH CÔNG, HOÀNG MAI, HÀ NỘI",1.8,20 m²2,"Số 1, ngõ 106, Trịnh Đình Cửu, Phường Định Công, Quận Hoàng Mai, Hà Nội -Xem bản đồ","CHO THUÊ PHÒNG TRỌ KHU ĐỊNH CÔNG, HOÀNG MAI – PHÒNG ĐẸP, GIÁ TỐT, CHO THUÊ GẤP Cơ hội sở hữu phòng trọ siêu đẹp với giá siêu rẻ! Diện tích: 20m² (chưa kể gác xép). Giá thuê: Chỉ 1.800.000 VNĐ/tháng. Vị trí đắc địa: Tọa lạc tại Số 1, ngõ 106, phố Trịnh Đình Cửu, Khu đô thị mới Định Công, Hoàng Mai (cách đường lớn chỉ 7m). Gần chợ, bể bơi, công viên xanh, siêu thuận tiện cho sinh hoạt hằng ngày. Cách các trường ĐH lớn như ĐH Y Hà Nội, Học viện Ngân hàng, ĐH Bách Khoa, Xây Dựng, Kinh Tế Quốc Dân chỉ 2km (~10 phút đi xe đạp). Lý do bạn không thể bỏ qua phòng trọ này: Không gian sống lý tưởng: Phòng rộng rãi, sạch sẽ, thoáng mát, giúp bạn cảm thấy thư giãn sau một ngày học tập, làm việc. Tiện nghi đầy đủ: Nhà công trình phụ khép kín, nước sạch từ nhà máy Viwaco, wifi mạnh. Sân để xe rộng rãi, an ninh tốt, không chung chủ: Tự do giờ giấc, không gian riêng tư tuyệt đối. Chi phí cực hợp lý: Chỉ 1.800.000 VNĐ/tháng, vừa tiết kiệm, vừa tiện nghi! Liên hệ ngay để không bỏ lỡ: Chị Hương – 0979064260 Lưu ý: Khi đến xem phòng, vui lòng liên hệ trước 10 phút để được hỗ trợ nhanh nhất! Chỉ còn duy nhất 1 phòng, nhanh tay để không bỏ lỡ cơ hội này!",https://phongtro123.com/cho-thue-phong-tro-gia-re-khu-dinh-cong-hoang-mai-ha-noi-pr673690.html
"Nhà trọ giá rẻ tại Tổ 6, Yên Nghĩa, Hà Đông",1.2,15 m²2,"Phường Yên Nghĩa, Quận Hà Đông, Hà Nội -Xem bản đồ","Phòng trọ mới khép kín, biệt lập, có lối đi riêng. Địa chỉ: Ngõ 86, Đường Nghĩa Lộ, Tổ 6, Phường Yên Nghĩa, Quận Hà Đông, TP. Hà Nội. Phía sau bên xe Yên Nghĩa, cách ngã ba chợ 100m. Diện tích ~15m2, điều hòa, nhà vệ sinh khép kín, có chỗ để xe, phơi quần áo, mạng internet.. Điện, nước có đồng hồ riêng. Điện 4k/ kw, nước 15k/m3, mạng 80k/tháng. Không gian riêng tư, gần chợ dân sinh, an ninh trật tự đảm bảo... Tiền phòng 1200k /tháng, thanh toán đầu tháng. Liên hệ: A Minh (sn92); SDT: 0981304792.",https://phongtro123.com/cho-thue-nha-tro-gia-re-tai-yen-nghia-ha-dong-pr305262.html
"Phòng trọ khép kín dt 35m2 tại Số 30 ngõ 51/2 Lãng Yên, Phường Thanh Lương, Hai Bà Trưng",4,35 m²2,"Số 30 ngõ 51/2 Đường Lãng Yên, Phường Thanh Lương, Quận Hai Bà Trưng, Hà Nội -Xem bản đồ","Cho thuê phòng trọ tại Số 30 ngõ 51/2  Đường Lãng Yên, Phường Thanh Lương, Quận Hai Bà Trưng, Hà Nội Phòng trọ 35m2 khép kín, mới khóa cửa van tay đi lại tự do sạch sẽ, rộng rãi Có đầy đủ tiện nghi điều hòa bếp ngoài phòng Có ban Công phơi quần áo rộng an ninh tốt Giá thuê: 4 triệu/tháng không cọc không phí dịch vụ",https://phongtro123.com/phong-tro-khep-kin-dt-35m2-co-cho-de-xe-pr596542.html
"Cho thuê phòng tại 108 Nguyễn Lân, quận Thanh Xuân HN",5,25 m²2,"108 Đường Nguyễn Lân, Phường Phương Liệt, Quận Thanh Xuân, Hà Nội -Xem bản đồ","Cho thuê phòng tại 108 Nguyễn Lân, quận Thanh Xuân HN Nội thất đầy đủ: máy giặt, tủ lạnh có ban công không chung chủ, giờ giấc tự do. Giá thuê: 5tr/tháng Liên hệ: 0385870929",https://phongtro123.com/cho-thue-phong-tai-108-nguyen-lan-pr673660.html
"Phòng trọ nhà trọ ngõ 30 phú mỹ mỹ đình, giáp với lê đức thọ, Trần bình, giá rẻ",1.2,12 m²2,"16 Lê Đức Thọ, Phường Mỹ Đình 2, Quận Nam Từ Liêm, Hà Nội -Xem bản đồ","Tin đăng 16.1.25: Cho thuê phòng trọ giá rẻ, KHÔNG KHÉP KÍN. CÓ ĐIỀU HOÀ, NHẬN PHÒNG Sử dụng luôn bắt đầu từ 23.1.25 Phòng sạch sẽ, không gian thoáng mát, yên tĩnh, phù hợp học tập và nghỉ ngơi. An ninh tốt, sân rộng rãi, có mái che, để xe yên tâm miễn phí. Điện nước bình dân: điện 4K/1kwh, nước sinh hoạt 110k 1 tháng/ người, mạng Internet 70K/ tháng ( nếu dùng ). ĐC:Số 16 Ngõ 30 đường Phú Mỹ( gần hồ Phú Mỹ và Trường THPT Trí Đức). Giờ giấc QUẢN LÝ: để đảm bảo tài sản chung, nhà chủ : mở cổng 6h00 - khoá cổng 22h30 bằng KHOÁ RIÊNG của nhà chủ . Còn lại trong khung giờ ban ngày, sẽ sử dụng KHOÁ CHUNG, mỗi người có 1 chìa khoá. Liên hệ trực tiếp hoặc Zalo 0983386955",https://phongtro123.com/phong-tro-nha-tro-ngo-30-phu-my-le-duc-tho-tran-binh-my-dinh-gia-re-pr628260.html
"Phòng khép kín mặt phố Cự Lộc, Giá thuê từ 3tr/ tháng",4.8,30 m²2,"169 Phố Cự Lộc, Phường Thượng Đình, Quận Thanh Xuân, Hà Nội -Xem bản đồ","Phòng khép kín tầng 3 phố Cự Lộc cho thuê ở lâu dài. Nội thất cơ bản Giường, tủ, nóng lạnh, điều hòa, tủ lạnh, máy giặt, kệ bếp, thang máy, cửa sổ thoáng rộng. Nhà xe tầng 1 rộng rãi, đi mở về khóa 24/24. Wifi, xe gửi miễn phí. Điện nước tính theo đồng hồ. Điện 4k/số, nước 30k/m3. Nhà thuộc khu vực an ninh tốt, gần các khu tiện ích, giao thông thuận tiện, không gian yên tĩnh. Giá thuê từ 4,5tr/ tháng. Thanh toán tối thiểu 03 tháng. Liên hệ : 0913 481 7 tám bốn.",https://phongtro123.com/phong-khep-kin-tang-2-mat-pho-cu-loc-pr595376.html
Cho thuê phòng trọ khép kín tại ngõ 97 Văn Cao ô tô đỗ cửa trước và sau,3,25 m²2,"Ngõ 97 Đường Văn Cao, Phường Liễu Giai, Quận Ba Đình, Hà Nội -Xem bản đồ","Chính chủ cho thuê dài hạn có thể làm văn phòng khép kín, nhà mái bằng DT 25 m2, khu dân trí cao, an ninh tốt, giao thông thuận tiện, gần các trường ĐH Luật, ĐH Ngoại thương, ĐH Ngoại giao..., 5 phút ra Hồ Tây, sân Quần ngựa, vườn Bách thảo, gần bể bơi 4 mùa Khăn quàng đỏ, nhà 2 mặt tiền ô tô đỗ cửa, tại ngõ 97 đường Văn Cao, quận Ba Đình, HN, có thêm lối vào từ ngõ 267 đường Hoàng Hoa Thám. Ưu tiên cho hộ gia đình, hộ kinh doanh online, làm văn phòng và/ hoặc kho hàng, sinh viên thuê. Giá thuê nhà nguyên trạng 3 tr. đ/ tháng, tiền điện và nước thanh toán trực tiếp với nhà cung cấp theo đơn giá qui định của Nhà nước. Khách thuê chủ động việc sửa chữa hoặc cải tạo nhà theo nhu cầu thuê. LH chính chủ 0903402826",https://phongtro123.com/cho-thue-phong-tro-khep-kin-tai-ngach-267-56-duong-hoang-hoa-tham-pr644498.html
"PHÒNG TRỌ FULL TIỆN NGHI TẠI BA ĐÌNH, HÀ NỘI",4.5,20 m²2,"7b Ngõ 31 Vĩnh Phúc, Phường Vĩnh Phúc, Quận Ba Đình, Hà Nội -Xem bản đồ","Phòng studio và gác xép mới đẹp, tiện nghi đầy đủ: Điều hòa, nóng lạnh, bếp mini. Không gian sáng thoáng, ban công chill ngắm cảnh. Có hầm để xe miễn phí, an ninh đảm bảo. Gần chợ, trường ĐH Thủ đô, siêu thị tiện lợi, giao thông thuận tiện. Địa chỉ: Phố Vĩnh Phúc, Ba Đình (gần Đội Cấn, Hoàng Quốc Việt). Liên hệ ngay 034.945.2222 để xem phòng!",https://phongtro123.com/phong-tro-full-tien-nghi-tai-ba-dinh-ha-noi-pr672360.html
"Cho thuê nhà trọ tầng 3 gồm 2 phòng ngủ, 1 vệ sinh",2.7,50 m²2,"Ngõ 199/2 Đường Hồ Tùng Mậu, Phường Phú Diễn, Quận Nam Từ Liêm, Hà Nội -Xem bản đồ","Cần cho hộ gia đình hoặc sinh viên nữ gom ở chung nguyên tầng 3. Nhà cách đường Hồ Tùng Mậu 200m, cách ga tàu Cầu Diễn, bến xe buýt 200m Tổng diện tích 50m, gồm 2 phòng ngủ, 1 phòng vệ sinh. Đồ đạc đầy đủ gồm 1 tủ quần áo 5 cánh, 1 tủ quần áo 4 cánh, gường, tủ lạnh, tivi, điều hòa, nóng lạnh, máy giặt, có ban công. Nhà nhiều ánh sáng, đẹp Điện 3.5k/số, nước 80k/người, mạng100k, rác đóng tiền cho người đi thu. Giờ giấc tự do Thuê lẻ 1 phòng 2.7tr, 1 phòng 2.5tr, thuê cả 2 phòng 5tr Nhà chính chủ ko qua môi giới",https://phongtro123.com/cho-thue-nha-tro-tang-3-gom-2-phong-ngu-1-ve-sinh-pr672299.html
"Cho thuê phòng trọ giá hssv - Duy nhất 2 phòng cuối - Mỹ Đình, Nam Từ Liêm",4.7,28 m²2,"Đường Mỹ Đình, Phường Mỹ Đình 1, Quận Nam Từ Liêm, Hà Nội -Xem bản đồ","Cho thuê phòng trọ giá hssv Mỹ Đình - Nam Từ Liêm Full nội thất Ban công rộng Đầy đủ tiện nghi Gần nhiều trường đại học Diện Tích 28-30m2 - Giá thuê : 4tr7 GIÁ DỊCH VỤ: điện 4k/số theo nhà nc tăng giảm - nước 35k/khối - dịch vụ chung (thang máy, điện kvuc chung, đổ rác ) = 100k/ng - mạng internet = 100k/phòng - máy giặt chung = 50k/ng/ tháng - FREE nước máy lọc RO nếu để máy giặt riêng trong phòng thì là 150k/ng CÁC THÔNG TIN KHÁC: - Nội thất,trang thiết bị đầy đủ mới 100% , có trang bị cả đèn sưởi đầy đủ - Phơi đồ ở tầng thượng hoặc ban công - không giới hạn xe - Có khu vực sạc và để xe điện riêng - Ngõ ba gác oto cách 100m - Nhà thang máy - Giới hạn người 4 người( hoặc hộ gia đình - PCCC đầy đủ - Hợp Đồng 6-12th đóng 1c1 - Fixx qua xem thương lượng",https://phongtro123.com/cho-thue-phong-tro-gia-hssv-duy-nhat-2-phong-cuoi-2-pr672969.html
"Cho Thuê Phòng Trọ 20m2 Gần Học Viện Nông Nghiệp, Giá 2tr",2,20 m²2,"Đường Cửu Việt, Thị trấn Trâu Quỳ, Huyện Gia Lâm, Hà Nội -Xem bản đồ","Phòng rộng 20m2 sẵn giường tủ Đ/c: Đường Cửu Việt, Thị trấn Trâu Quỳ, Huyện Gia Lâm, Hà Nội Có chỗ để xe, máy giặt Thanh toán 1 cọc 1 Giá thuê: 2tr/tháng LH: 0377724633",https://phongtro123.com/cho-thue-phong-tro-20m2-gan-hoc-vien-nong-nghiep-gia-2tr-pr673528.html
Phòng trọ mới xây vào ở được luôn tại số 5 ngõ 858 kim giang,3,25 m²2,"Số 5 ngõ 858 Đường Kim Giang, Xã Thanh Liệt, Huyện Thanh Trì, Hà Nội -Xem bản đồ","Nhà cấp 5 mới xây k chung chủ Đ/c: Số 5 ngõ 858 Đường Kim Giang, Xã Thanh Liệt, Huyện Thanh Trì, Hà Nội diện tích 25 m,gác xép 12 m đầy đủ nóng lạnh, kệ bếp giá 3tr/ tháng có fix. Lh 0366775998",https://phongtro123.com/phong-tro-moi-xay-vao-o-duoc-luon-tai-so-5-ngo-858-kim-giang-pr673496.html
"Chính chủ cho thuê phòng khép kín 16m2 tại ngõ 85 Hạ Đình, có điều hoà, nhà vệ sinh, an ninh tốt",2.5,16 m²2,"63 ngõ 85/42 Phố Hạ Đình, Phường Thanh Xuân Trung, Quận Thanh Xuân, Hà Nội -Xem bản đồ","Chính chủ cho thuê phòng khép kín Diện tích: 16m², điện nước đầy đủ, có điều hoà, vệ sinh khép kín, an ninh tốt, gần chợ và các trường đại học lớn... Giá 2tr5/tháng Địa chỉ: Tổ 24 số nhà 63 ngõ 85/42 phố Hạ Đình, Hà Nội. LH: Cô Hiền 0376 452 465",https://phongtro123.com/chinh-chu-cho-thue-phong-khep-kin-16m2-tai-ngo-85-ha-dinh-co-dieu-hoa-nha-ve-sinh-an-ninh-tot-pr673341.html
"Cho thuê trọ tại 70 ngõ 1 Đường Phan Đình Giót, Phường Phương Liệt, Quận Thanh Xuân, Hà Nội",2.2,17 m²2,"70 ngõ 1 Đường Phan Đình Giót, Phường Phương Liệt, Quận Thanh Xuân, Hà Nội -Xem bản đồ","Không chung chủ, chỗ để xe thoải mái, phòng tám có bình nóng lạnh, wifi, ban công, khu bếp, camera an ninh, điện nước có công tơ đo riêng Phòng 17m2 giá thuê 2,2 Triệu/Tháng Tại 70 ngõ 1 Đường Phan Đình Giót, Phường Phương Liệt, Quận Thanh Xuân, Hà Nội Liên hệ: 0913501830",https://phongtro123.com/cho-thue-tro-pr603914.html
Thuê nhà ngõ 320 khương đình - nhà mới chủ dễ tính,5,37 m²2,"320 Khương Đình, Phường Khương Đình, Quận Thanh Xuân, Hà Nội -Xem bản đồ","Nằm trong ngõ 320 khương đình, gần công an phường nên an ninh rất tốt Gần trường cấp 1,2 khương đình Gần chợ, gia đình nhỏ hay sinh viên ở rất hợp lí Có thang máy mới rất tiện nghi và hiện đại Nhà mới chưa ai ở nên rất đẹp",https://phongtro123.com/thue-nha-ngo-320-khuong-dinh-nha-moi-chu-de-tinh-pr673330.html
"Cho thuê phòng trọ tại Yên Hòa, Cầu Giấy đầy đủ đồ giá 4,6 triệu. Lh 0902245148",4.6,35 m²2,"18 Yên Hòa, Phường Yên Hòa, Quận Cầu Giấy, Hà Nội -Xem bản đồ","Chính chủ nhà mình cần cho thuê phòng trọ tại Yên Hòa , Cầu Giấy - Phòng đã có đầy đủ đồ nội thất: Vệ sinh khép kín, Giường , tủ quần áo, bàn trang điểm, điều hòa, nóng lạnh, tủ bếp trên và tủ bếp dưới, máy hút mùi - Có máy giặt và máy sấy quần áo cực thuận tiện - Lắp sẵn wifi riêng từng phòng, cửa vân tay, camera an ninh - Giá cho thuê : 4,6 triệu/phòng/tháng Liên hệ chính chủ. Xin cảm ơn! SDT chủ nhà 0902245148",https://phongtro123.com/cho-thue-phong-tro-tai-yen-hoa-cau-giay-day-du-do-gia-4-6-trieu-lh-0902245148-pr673276.html
"HOMESTAY ĐẠI HỌC HÀ NỘI, CHỈ CHO NỮ THUÊ",1.6,20 m²2,"14 ngõ A8 Đường Lê Văn Lương, Phường Trung Văn, Quận Nam Từ Liêm, Hà Nội -Xem bản đồ","Nhà chính chủ khu vực gần đại học Hanoi, Học viện an ninh, Đại học Kiến Trúc... (cách Hanu 50m) - Phòng ghép 4 người, không chung giường, tủ đồ, bàn học - Không chung chủ - Full nội thất - Tầng 1 có chỗ để xe, pccc đầy đủ - Tuần 1 lần dọn dẹp sạch sẽ - Giá trên đã bao gồm mọi chi phí không phát sinh CHỈ CHO NỮ THUÊ!!! Ib mình để biết thêm chi tiết ạ 0694087022",https://phongtro123.com/homstay-dai-hoc-ha-noi-chi-cho-nu-thue-2-pr673114.html
"KHAI TRƯƠNG CCMN XỊN SÒ PHẠM VĂN ĐỒNG, BẮC TỪ LIÊM",5.5,30 m²2,"số 47 ngõ 521 Đường Phạm Văn Đồng, Phường Cổ Nhuế 1, Quận Bắc Từ Liêm, Hà Nội -Xem bản đồ","KHAI TRƯƠNG CCMN XỊN SÒ PHẠM VĂN ĐỒNG, BẮC TỪ LIÊM Studio 30m2 có ban công Đối diện Mega market, Tòa A6 Bình An City, Green Star, Vincom PVĐ Nội thất : Điều hòa , Bình Nóng Lạnh , Tủ Quần Áo, Kệ Bếp + Tủ bếp trên - dưới, HÚT MÙI , Máy giặt chung, sẵn TỦ LẠNH, bếp điện đôi Giá: 5tr5 LH: 0383793354",https://phongtro123.com/khai-truong-ccmn-xin-so-pham-van-dong-tran-cung-pr673127.html
"CHO THUÊ PHÒNG TRỌ, NHÀ Ở GIÁ HỢP LÝ TẠI TRÂU QUỲ, GIA LÂM, HÀ NỘI",1.8,17 m²2,"11 Trâu Quỳ, Thị trấn Trâu Quỳ, Huyện Gia Lâm, Hà Nội -Xem bản đồ","CHO THUÊ PHÒNG TRỌ, NHÀ Ở GIÁ RẺ TẠI TRÂU QUỲ, GIA LÂM, HÀ NỘI Gần Học viện Nông Nghiệp. Diện tích từ 16 m2, gần chợ, gần trường học, gần BV Đa Khoa Gia Lâm. Có sẵn điều hòa, giường, quạt trần, hệ thống bàn bếp, giá đựng bát đũa và bình nóng lạnh. Ngoài ra, mỗi tầng có 01 máy giặt chung. KDC yên tĩnh, an ninh, hàng xóm thân thiện. Ưu tiên cho những anh/chị nào có thiện chí và thuê ở lâu dài. Giá thuê: từ 1,8 triệu/tháng LH: Chị Hằng 0988.265.942",https://phongtro123.com/cho-thue-phong-tro-nha-o-gia-re-tai-trau-quy-gan-hoc-vien-nong-nghiep-tien-nghi-day-du-pr659823.html
"Cho thuê nhà Mỹ Đình, giá rẻ full đồ",4.2,20 m²2,"Đường Mỹ Đình, Phường Mỹ Đình 1, Quận Nam Từ Liêm, Hà Nội -Xem bản đồ","Đầy đủ nội thất Gần nhiều trường đại học View đẹp Vị trí tiện lợi ( gần trung tâm , quán ăn , khu chơi - giải trí ) ️Trống 1 phòng Giá : 4tr3 - Diện tích: 20m2 Giá dịch vụ : - Dịch vụ 150K/người (vệ sinh chung, thang máy, rác, điện chung, gửi xe..) - Internet tách 100K/phòng - Điện 4K/số - Nước 35K/khối Thông tin khác : - Ở tối đa 2 ng, 2 xe - Ko nuôi pet - Ko xe điện - Nội thất như hình - Máy giặt riêng , thang máy - Hđ tối thiểu 6 tháng",https://phongtro123.com/cho-thue-nha-my-dinh-gia-re-full-do-pr672995.html
"Thuê nhà/phòng trọ Gia Lâm, Hà Nội",2,35 m²2,"Thiên Đức, Thị trấn Yên Viên, Huyện Gia Lâm, Hà Nội -Xem bản đồ","Cho thuê phòng trọ ở lâu dài tại khu vực Gia Lâm, Hà Nội (đầu Cầu Đuống, mặt đường quốc lộ, gần chợ, gần bến xe buýt, đi lại thuận tiện). Phòng trọ có công trình phụ khép kín, mát mẻ, sạch sẽ hợp vệ sinh. Phòng ngủ rộng 20m2, phòng ăn và bếp 15m2. Nhà vệ sinh có sẵn vòi tắm sen, bình nóng lạnh. Có sẵn máy giặt, tủ lạnh. Điện, nước có đồng hồ riêng, có internet, truyền hình cáp. Giá rẻ 2 triệu, phòng đẹp như ở chung cư mới. Phù hợp cho những gia đình làm công nhân, cặp vợ chồng có con nhỏ. Liên hệ với chị Lê Thị Thủy: 0911072968 (LH ngoài giờ hành chính).",https://phongtro123.com/thue-nha-phong-tro-gia-lam-ha-noi-pr672955.html
Cho thuê phòng trọ khép kín 30m2 giá rẻ,5,30 m²2,"20 Hoàng Đạo Thành, Phường Kim Giang, Quận Thanh Xuân, Hà Nội -Xem bản đồ","HO THUÊ PHÒNG KHÉP KÍN 30M² - TIỆN NGHI, VỊ TRÍ ĐẮC ĐỊA TẠI THANH XUÂN Địa chỉ: Số 20 Hoàng Đạo Thành, Kim Giang, Thanh Xuân, Hà Nội. Phòng khép kín diện tích 30m², thiết kế linh hoạt có thể chia thành 2 phòng, phù hợp cho gia đình nhỏ, nhóm bạn hoặc người đi làm cần không gian sống thoải mái. Ưu điểm nổi bật: Vệ sinh và bếp riêng biệt: Mang lại sự tiện nghi và riêng tư tối đa. Vị trí trung tâm: Gần chợ Kim Giang, thuận tiện cho việc mua sắm hàng ngày. Chỉ vài phút đến các trường học: Trường Tiểu học & THCS Kim Giang. Đại học Thăng Long, thuận lợi cho sinh viên. Gần ngã tư Sở, dễ dàng di chuyển đến các khu vực lân cận. An ninh đảm bảo: Khu dân cư yên tĩnh, an toàn, giao thông thuận tiện. Giá thuê hợp lý Liên hệ trực tiếp để biết thêm chi tiết và hẹn xem phòng. Số điện thoại: [0904993881].",https://phongtro123.com/cho-thue-phong-tro-khep-kin-30m2-gia-re-pr672793.html
"Phòng đẹp ngõ 24 Kim Đồng (hoặc 700 Trương Định) Giáp Bát, Hoàng Mai, HN",2.8,20 m²2,"24/83 Đường Kim Đồng, Phường Giáp Bát, Quận Hoàng Mai, Hà Nội -Xem bản đồ","Phòng đẹp mặt ngõ 24 Kim Đồng (BX Giáp Bát) ngã 4 Trương Định-Tân Mai còn: - Phòng đẹp 20m giá 2,8tr (Điều hoà, Nóng lạnh, Kệ bếp, Máy giặt, giường tủ, cửa sổ thoáng) Phù hợp công sở, SV nữ và hộ gia đình thuê gần ĐH KTQD, ĐHBK, ĐHXD, oto đỗ cửa, ngõ to dân trí cao, an ninh tốt, đi khoá về mở, sân phơi tầng5, để xe miễn phí tầng1 LH : Ngõ 24/83 Kim Đồng(sau BX Giáp Bát)-Hoàng Mai-HN SĐT 0948515885",https://phongtro123.com/phong-dep-ngo-24-kim-dong-hoac-700-truong-dinh-giap-bat-hoang-mai-hn-2-pr672375.html
Pass trọ yên xá 87/76 cuối tháng 12 đầu tháng 1 ạ,3,25 m²2,"7B 87/76 Đường Yên Xá, Xã Tân Triều, Huyện Thanh Trì, Hà Nội -Xem bản đồ","Pass trọ 3tr / tháng , yên xá ạ Có máy giặt riêng , tủ lạnh , tủ quần áo Điện 3k8, nước 35k/số, mạng 100/phòng , dv 40k/ng để xe free ạ Liên hệ: 0376051340",https://phongtro123.com/pass-tro-yen-xa-87-76-cuoi-thang-12-dau-thang-1-a-pr672367.html
CHO THUÊ PHÒNG TRỌ TẠI 37 LÂM DU. LH 0978990399,3.3,30 m²2,"37 Đường Lâm Du, Phường Bồ Đề, Quận Long Biên, Hà Nội -Xem bản đồ","️CÒN PHÒNG CHO THUÊ Vị trí : Ngay gần cầu Chương Dương, gần bệnh viện Tâm Anh, gần trường học và chợ, ngõ rộng 5m sang hồ Hoàn Kiếm chỉ 5 phút Thiết kế : Thoáng sáng, có thang máy, có ban công và cửa sổ view đẹp. ️Giá thuê : Phòng 3,3 triệu và phòng 3,5 triệu và 4,5 triệu. ️Nội thất : Máy giặt, điều hoà, bình nóng lạnh, tủ lạnh, giường và tủ quần áo đầy đủ Full khép kín. +LH 0978 990399",https://phongtro123.com/cho-thue-can-ho-phong-tro-lh-0978990399-pr672317.html
"Phòng trọ mới 100%, diện tích 25 m2, PN + 1 WC + gác xép + ô tô đỗ cửa, chỉ trừ 3 triệu",3,25 m²2,"Khu biệt thự Louis hoàng mai Tân Mai, Phường Tân Mai, Quận Hoàng Mai, Hà Nội -Xem bản đồ","Phòng trọ 1PN + 1 WC/PT, diện tích 25 m2, giá chỉ từ 3 triệu VND, nội thất cơ bản đầy đủ với điều hòa, bình nóng lạnh, giường, kệ bếp... * Ưu điểm: - Diện tích sử dụng hợp lý, phù hợp cho cá nhân hoặc cặp đôi. - Nội thất cơ bản với điều hòa, nóng lạnh, giường, sẵn sàng cho việc di chuyển vào ở ngay. * Tiện ích xung quanh. - Gần các trường đại học: Kinh Tế, Bách Khoa, Xây Dựng. Gần chợ, siêu thị, công viên hồ Đền Lừ, bến xe Giáp Bát, Nước Ngầm bán kính vài km. - Siêu thị: Winmart, siêu thị Đức Thành, siêu thị Thành Đô. Liên hệ: Em Giang: 0963363911 (Gọi/zalo), để biết thêm thông tin chi tiết!",https://phongtro123.com/phong-tro-tai-louis-city-hoang-mai-3-5-trieu-vnd-th-25m2-noi-that-co-ban-lh-0963363911-pr670440.html
"Phòng trọ mới 100%, diện tích 25 m2, PN + 1 WC + gác xép + ô tô đỗ cửa, chỉ trừ 3 triệu",3,25 m²2,"Đường Tân Mai, Phường Hoàng Văn Thụ, Quận Hoàng Mai, Hà Nội -Xem bản đồ","Phòng trọ 1PN + 1 WC/PT, diện tích 25 m2, giá chỉ từ 3 triệu VND, nội thất cơ bản đầy đủ với điều hòa, bình nóng lạnh, giường, kệ bếp... * Ưu điểm: - Diện tích sử dụng hợp lý, phù hợp cho cá nhân hoặc cặp đôi. - Nội thất cơ bản với điều hòa, nóng lạnh, giường, sẵn sàng cho việc di chuyển vào ở ngay. * Tiện ích xung quanh. - Gần các trường đại học: Kinh Tế, Bách Khoa, Xây Dựng. Gần chợ, siêu thị, công viên hồ Đền Lừ, bến xe Giáp Bát, Nước Ngầm bán kính vài km. - Siêu thị: Winmart, siêu thị Đức Thành, siêu thị Thành Đô. Liên hệ: Em Giang: 0963363911 (Gọi/zalo), để biết thêm thông tin chi tiết!",https://phongtro123.com/phong-tro-25m2-khu-biet-thu-louis-city-tan-mai-pr670310.html
Homestay cho sinh viên và người mới đi làm,1.5,20 m²2,"199 đường Thụy Khuê, Phường Thụy Khuê, Quận Tây Hồ, Hà Nội -Xem bản đồ","Đia chỉ 199 Thuỵ Khuê, Tây Hồ, Hà Nội 1tr5-1tr6/1 tháng + điện nước Cách hồ tây 50m, cách đại học luật, ngoại thương, ngoại giao.. chỉ 2km Tình trạng nhà mới sạch sẽ đã có người ở. có chỗ để xe tầng 1, để xe rộng rãi nhận cả khách ở 1,2 tháng Phòng sạch sẽ đầy đủ tiệc ích Giường có đệm, rèm, ga.. ️sdt/zalo : 0989878970",https://phongtro123.com/homestay-cho-sinh-vien-va-nguoi-moi-di-lam-2-pr672146.html
"Cho thuê phòng trọ Khương Trung, Quận Thanh Xuân",1.8,16 m²2,"Khương Trung, Phường Khương Trung, Quận Thanh Xuân, Hà Nội -Xem bản đồ","Chính chủ cho thuê phòng khép kín ( ko trung gian ) Có điều hòa , nóng lạnh, giường, tủ, vệ sinh, có chỗ để xe , có sân thượng phơi đồ Gần chợ Khương Trung 500m, gần Chợ ngã tư sở 800m chung chủ nhưng 2 bác dễ tính. Chỉ cho nữ thuê , an ninh tốt, môi trường sạch sẽ Còn trống phòng tầng 3 ( nhà 5 tầng )",https://phongtro123.com/cho-thue-phong-tro-khuong-trung-quan-thanh-xuan-pr643755.html
"Phòng ban công, full đồ taị 86 Phố An Trạch - Đống Đa",5,28 m²2,"86 Phố An Trạch, Phường Văn Miếu, Quận Đống Đa, Hà Nội -Xem bản đồ","Cho thuê phòng khép kín, Tôn Đức Thắng, ngay cạnh Văn Miếu Quốc Tử Giám, Cao Đẳng Y Tế Hà Nội Phòng y ảnh * - Phòng khép kín có ban công giá chỉ từ 5tr ( phù hợp ở 2 - 3 người ) - Địa chỉ : 86 Phố An Trạch, Cách Văn Miếu Quốc Tử Giám 600m - Ngay gần đường lớn, thuận tiện đi lại. - Cách chợ 30m, thuận tiện mua sắm, sinh hoạt - Nhà nằm biệt lập, yên tĩnh - Ban công riêng rộng thoáng. ....... Tiện ích chung - Giường tủ - Nóng lạnh - Điều hòa - Bếp riêng - Tủ Lạnh - Điện phòng riêng 3.7k/số - Nước 100k/người - Internet 70k - Vệ sinh 20k Gọi điện 0965424829 hoặc ib messenger trực tiếp với mình nhé",https://phongtro123.com/phong-ban-cong-full-do-tai-doan-thi-diem-ton-duc-thang-dong-da-pr672077.html
CHO THUÊ PHÒNG TRỌ NGÕ 21 YÊN XÁ 2TR8 - FULL ĐỒ,2.8,25 m²2,"Yên Xá, Xã Tân Triều, Huyện Thanh Trì, Hà Nội -Xem bản đồ","CHO THUÊ PHÒNG TRỌ NGÕ 21 YÊN XÁ Diện tích phòng 25m khép kín Có điều hoà , nóng lạnh, giường tủ gỗ , kệ bếp , máy giặt Điện : 3.5k /1 số Nước :100k/ người Wifi : 100k / phòng Máy giặt : 50k/người Giá 2tr8 Có chỗ để xe thoải mái khóa vân tay - LH : 0981574189 hoặc ib Chính chủ cho thuê, nhà thuê riêng chủ",https://phongtro123.com/cho-thue-phong-tro-ngo-21-yen-xa-3tr-full-do-pr672013.html
Cho hộ gia đình nhỏ hoạch sinh viên,3.000 đồng/tháng,20 m²2,"19 Mỹ Đình, Phường Mỹ Đình 2, Quận Nam Từ Liêm, Hà Nội -Xem bản đồ","Diện tich 20 m2 khép kín ,có điều hòa , nóng lạnh vệ sinh khép kín .cổng đi riêng biệt xe máy để ở sân",https://phongtro123.com/cho-ho-gia-dinh-nho-hoach-sinh-vien-2-pr671885.html
"Chính chủ cho thuê phòng tại ngõ 82 phố Mễ Trì Hạ, vị trí đẹp, full đồ",4.5,30 m²2,"Số 19 ngõ 82 Đường Mễ Trì Hạ, Phường Mễ Trì, Quận Nam Từ Liêm, Hà Nội -Xem bản đồ","Chính chủ cho thuê phòng tại ngõ 82 phố Mễ Trì Hạ, vị trí đẹp lô góc siêu thoáng, vài bước chân ra phố; gần công viên và nhiều tiện ích khác pccc đầy đủ theo quy định cho nuôi pet thoải mái Full đồ ở được luôn giảm giá sâu chỉ từ 4tr (đã full đồ) Ib hoặc liên hệ 0866 989 388",https://phongtro123.com/chinh-chu-cho-thue-phong-da-full-do-pr671868.html
"PHÒNG TRỌ KHÉP KÍN 25M2 GIÁ RẺ KĐT XA LA,Q.HÀ ĐÔNG",2.6,25 m²2,"Xa La, Phường Phúc La, Quận Hà Đông, Hà Nội -Xem bản đồ","Cần cho thuê phòng trọ với giá 2,9 triệu VND, địa chỉ Số 21 DV1, KĐT Xa La, Phố Xa La, Phường Phúc La, Hà Đông, Hà Nội, thuộc dự án KĐT Xa La, diện tích 25 m2 Mô tả chi tiết: * Phòng trọ mới xây được thiết kế hiện đại, không gian thoáng đãng(có ban công) phù hợp cho sinh viên và người đi làm. * Phòng đầy đủ tiện nghi: Có vệ sinh khép kín;có chỗ để xe; Internet; chỗ nấu ăn; nội thất đầy đủ như: Điều hòa Daikin, cây nước lọc, bình nóng lạnh,(máy giặt,tủ lạnh), thiết bị vệ sinh, giường,tủ, bàn học(làm việc),... * Khu vực an ninh tốt, gần các tiện ích như chợ Xa La, siêu thị Win Mart và trường học, Bệnh Viện 103,… * Giá thuê hợp lý, chỉ 2,9 triệu VND. * Diện tích phòng rộng rãi, 25 m2. --------- Liên hệ ngay để biết thêm chi tiết: ĐT: 0947288829; 0941825828/Zalo:094.728.8829 C.Ninh.",https://phongtro123.com/phong-tro-khep-kin-25m2-gia-re-kdt-xa-la-q-ha-dong-pr671812.html
"Đại Linh - trống phòng 35m2 full nội thất, ban công",3.5,35 m²2,"Đại Linh, Phường Trung Văn, Quận Nam Từ Liêm, Hà Nội -Xem bản đồ","50 phố Đại Linh, Trung Văn, Nam Từ Liêm STUDIO full đồ cơ bản, diện tích khoảng 35m2 Thang máy Free xe Giá 3tr5/tháng 0583760238",https://phongtro123.com/dai-linh-trong-phong-35m2-full-noi-that-ban-cong-pr671268.html
"Nhượng phòng 2tr7, cuối tháng 12 vào ở luôn, vskk",2.7,25 m²2,"Kim Giang, Phường Định Công, Quận Hoàng Mai, Hà Nội -Xem bản đồ","[ GÓC NHƯỢNG PHÒNG ] tầng 4 (hết tháng 12 có thể chuyển vào) giá phòng 2tr7 điện: 3.8k/số nước: 35k/khối mạng: 100k/phòng vskk, không chung chủ, có khu để xe, nóng lạnh, phòng có gác xép, khu phơi đồ, không giới hạn người ở đchi: ngõ 278 kim giang ạ",https://phongtro123.com/nhuong-phong-2tr7-cuoi-thang-12-vao-o-luon-vskk-pr671666.html
"Cho thuê Phòng trọ đủ đồ cơ bản giá siêu hợp lý tại Dịch Vọng Hậu, Cầu Giấy",3.5,35 m²2,"136 Tổ 16, Ngõ 36 Phố Dịch Vọng Hậu, Phường Dịch Vọng Hậu, Quận Cầu Giấy, Hà Nội -Xem bản đồ","Chính chủ! Hiện Tôi còn trống 01 phòng (101) diện tích tầm 35m2 tại ngõ 44 Trần Thái Tông, Tổ 16 Phường Dịch Vọng Hậu, Cầu Giấy, Hà Nội (Phòng tương tự như mô tả ở Video). - Phòng có đầy đủ đồ cơ bản như: Giường, Tủ, Bình nóng lạnh, Điều hòa, Internet, công tơ điện riêng... - Tầng 1 có chỗ để xe miễn phí; - Tầng 3 sân phơi rộng rãi, có máy giặt, khu rửa bát; - Gần các tuyến phố chính như: Dịch Vọng Hậu, Duy Tân, Trần Thái Tông, Xuân Thủy... - Gần công viên Cầu Giấy, gần các trường đại học như: Đại Học Quốc Gia, Đại Học Thương Mại, Đại Học FPT, Đại Học Tài Chính Ngân Hàng Hà Nội... - Gần bệnh viện y học cổ truyền, bệnh viện 198, bệnh viện E... - Ra khỏi nhà là có rất nhiều chợ, cửa hàng, quán xá... - Giờ giấc tự chủ (căn hộ riêng biệt không chung chủ); * Ưu đãi Đặc Biệt: Chỉ còn 3.300.000đ/Tháng khi thanh toán theo Quý 3 tháng/Lần; * Chú ý: Chỉ cho Sinh viên, Người đi làm là Nữ giới thuê; * Chi tiết vui lòng liên hệ Chính Chủ: Mr Huy: 0968.237.118; * Miễn trung gian!",https://phongtro123.com/cho-thue-phong-tro-du-do-co-ban-gia-sieu-hop-ly-tai-dich-vong-hau-cau-giay-pr669090.html
"Cho thuê phòng trọ tại Đường Lê Đức Thọ, Mỹ Đình 2, Nam Từ Liêm, Hà Nội, chỉ với 2 triệu VND, 15m2",2,15 m²2,"Số 19, ngõ 49 Lê Đức Thọ, Phường Mỹ Đình 2, Quận Nam Từ Liêm, Hà Nội -Xem bản đồ","Phòng trọ cho thuê tại Số 19, ngõ 49, Đường Lê Đức Thọ, Phường Mỹ Đình 2, Nam Từ Liêm, Hà Nội với diện tích 15m2. - Giá thuê chỉ 2 triệu VND mỗi tháng. - Phòng có 1 phòng ngủ và 1 toilet. - Hướng cửa chính: Nam. - Không gian thoáng mát, phù hợp cho sinh viên và người đi làm. Địa điểm tiện ích xung quanh + Gần bến xe buýt số 26 + Gần Bệnh viện 19 - 8 Bộ Công An, Bệnh viện Quốc tế Dolife, Bệnh viện Thể thao Việt Nam. + Siêu thị Điện máy Pico 173 Xuân Thủy, WinMart Lê Đức Thọ. + Công viên Mai Dịch. + Trường Mầm non Lê Quý Đôn, Trường Nhật Bản Hà Nội, Trường Đại học Ngoại ngữ - ĐHQGHN. Liên hệ để biết thêm thông tin chi tiết qua số điện thoại 0984656926 và tên Long Đỗ.",https://phongtro123.com/cho-thue-phong-tro-tai-duong-le-duc-tho-my-dinh-2-nam-tu-liem-ha-noi-chi-voi-2-trieu-vnd-15m2-pr671541.html
"1N1K đẹp, rộng, siêu rẻ, sofa bẻ được thành giường 2N1K, ban công rộng, thoáng, ánh sáng tự nhiên",6,45 m²2,"Xã Vân Canh, Huyện Hoài Đức, Hà Nội -Xem bản đồ","1n1k giá 6tr có thể thành 2n1k GIÁ DỊCH VỤ: - Điện 3,7k - Nước 28k - Dvc 200k/ng (đã bao gồm mạng) - Xe điện 150k (nếu có) - Free 2 xe, xe thứ 3 +80k/xe NỘI THẤT: đầy đủ như hình, CÓ MÁY GIẶT RIÊNG - Phơi đồ ở ban công phòng, có máy giặt riêng - Free 2 xe, xe thứ 3 +80k/xe - Xe điện +150k/xe - Ngõ ô tô, đỗ ô tô cách nhà 50-60m Ko nuôi pet Nhận người nước ngoài (phải tự lo tạm trú) Pccc đầy đủ, thang thoát hiểm tại từng phòng",https://phongtro123.com/1n1k-dep-rong-sieu-re-sofa-be-duoc-thanh-giuong-2n1k-ban-cong-rong-thoang-anh-sang-tu-nhien-pr671477.html
"Phòng Trọ Cho Thuê tầng 3, tầng 4 - Đường 6, Biên Giang, Hà Đông, Hà Nội",2.1,32 m²2,"Đường An Thắng, Phường Biên Giang, Quận Hà Đông, Hà Nội -Xem bản đồ","Cho thuê nhà trọ ở Đường 6, Biên Giang, Hà Đông, Hà Nội, 2,1 triệu, 32 m² uy tín hot. Nhà trọ cho thuê tại Đường 6, Phường Biên Giang, Hà Đông, Hà Nội, với diện tích 32 m². Bất động sản này có thiết kế hiện đại với 2 phòng ngủ và 2 toilet, rất phù hợp cho gia đình nhỏ hoặc nhóm bạn. Giá thuê chỉ 2,1 triệu VND, đây là cơ hội tốt để sở hữu một chỗ ở lý tưởng trong khu vực phát triển. Địa điểm tiện ích xung quanh: - Gần siêu thị Lan Chi Chúc Sơn, thuận tiện cho việc mua sắm hàng ngày.",https://phongtro123.com/phong-tro-cho-thue-tang-3-tang-4-2-pr671456.html
"[CHÍNH CHỦ] #Cho_thuê NGÃ TƯ SỞ-ROYAL City FULL ĐỒ (điện nước GIÁ DÂN, ko chung chủ, FULL đồ có ĐIỀU",2.5,25 m²2,"Phố Vũ Tông Phan, Phường Khương Đình, Quận Thanh Xuân, Hà Nội -Xem bản đồ","[CHÍNH CHỦ] #Cho_thuê NGÃ TƯ SỞ-ROYAL City FULL ĐỒ (điện nước GIÁ DÂN, ko chung chủ, FULL đồ có ĐIỀU HOÀ) Giá Thuê: 2,5tr - 2,9tr /tháng Diện tích: ~20m2 ĐIện Nước: GIÁ NHÀ NƯỚC Địa chỉ: Vũ Tông Phan,Khương ĐÌnh, Thanh Xuân, Hà Nội LH chủ nhà : Ms Phương: 0559526169 ️Đường to rộng, Sát đường, gần Chợ, Siêu thị, Trung Tâm Thương Mại và Thuận Tiện Xe Bus NỘI THẤT FULL ĐIỀU HOÀ NÓNG LẠNH MÁY GIẶT GIƯỜNG TỦ QUẦN ÁO TỦ BẾP ,kệ bếp, Hút Mùi TỦ LẠNH LÒ VI SÓNG BẾP GAS, Bình gas MÁY LỌC NƯỚC RÈM CỬA WIFI TỐC ĐỘ CAO Thiết bị VS INAX hiện đại ️Vị Trí: khu vực ĐÔNG dân cư, SẦM UẤT, gần Siêu thị, CHỢ dân sinh, THUẬN TIỆN đi lại, mặt phố lớn hai ô tô tránh nhau được. ️Gần TRUNG TÂM mua sắm, giải trí: Gần sát Chợ, Gần RoYal, ngã tư sở, Trung Tâm Hà Nội… Gần các trường ĐH: ĐH Đại Nam, ĐH Khoa Học xã Hội và Nhân Văn, ĐH Ngoại ngữ, ĐH Mở,…… ️Không gian sống THOÁNG MÁT, nhiều cửa sổ, XANH-SẠCH-ĐẸP AN NINH tuyệt đối, có khoá Riêng Biệt, CAMERA giám sát 24/24, Thiết bị PCCC ⏰Giờ giấc TỰ DO, đi lại THOẢI MÁI, tầng 1 ĐỂ XE RỘNG RÃI ‍️Ưu tiên các bạn NỮ, người đi làm và người ở lâu dài LH chủ nhà : Ms Phương: 0559526169 (Miễn trung gian)",https://phongtro123.com/chinh-chu-cho-thue-nga-tu-so-royal-city-full-do-dien-nuoc-gia-dan-ko-chung-chu-full-do-co-dieu-pr671378.html
"Còn 1 phòng cho thuê trong ngõ 260 Cầu Giấy, an ninh tốt.",1.7,15 m²2,"1/28 ngõ 260 Đường Cầu Giấy, Phường Quan Hoa, Quận Cầu Giấy, Hà Nội -Xem bản đồ","Còn 1 phòng cho thuê trong ngõ 260 Cầu Giấy, an ninh tốt. Phòng tầng 4, diện tích sử dụng 15m2. Nhà trong ngõ, ô tô vào được tận nơi, ngay cạnh chợ. Gần các trường ĐH Giao thông, ĐH Hà Nội, ĐH Báo chí và tuyên truyền Giá điện 3000đ/số, giá nước 100k/người/tháng Chỉ cho nữ thuê phòng Liên hệ: 0333180293",https://phongtro123.com/con-1-phong-cho-thue-trong-ngo-260-cau-giay-an-ninh-tot-pr671155.html
Cho Thuê phòng trọ 18m2 đường Bùi Xương Trạch.,2.8,18 m²2,"Bùi Xương Trạch, Phường Khương Đình, Quận Thanh Xuân, Hà Nội -Xem bản đồ","- Phòng rộng 18m2, ở tầng 2, sạch sẽ thoáng mát, đầy đủ điều hòa, bình nóng lạnh, nhà vệ sinh riêng - Có chỗ để xe máy ở tầng 1 và khu vực nấu ăn chung ở tầng 5. - Nhà xây hiện đại, ngõ rộng rãi 2 ô tô tránh nhau, khu vực cao ráo, không ngập lụt, an ninh tốt. - Gần chợ, trường học, siêu thị. - Ưu tiên người thuê có công việc ổn đinh, ngăn nắp sạch sẽ. - Địa chỉ: Số nhà 23, ngách 358/25, Bùi Xương Trạch, Thanh Xuân, Hà Nội",https://phongtro123.com/cho-thue-phong-tro-18m2-duong-bui-xuong-trach-pr671058.html
Cho thuê phòng trọ tầng 3 khép kín 35m2,4,35 m²2,"74 ngõ 127 Hào Nam, Phường Ô Chợ Dừa, Quận Đống Đa, Hà Nội -Xem bản đồ","Phòng riêng 35m2 khép kín ở tầng 3. Có sân phơi tầng 4: 55m2 chung với gia dình, có máy giặt. Bắt đầu ở từ sau tết, tầm đầu tháng 2/2025. Ở tối đa 3 người, nữ, sinh viên hoặc công chức. Giá thuê: 4tr/người/tháng khi ở 1 người. 2,5tr/người/tháng khi ở 2 người và 2tr/người/ tháng  khi ở 3 người. Liên hệ: 0983305598",https://phongtro123.com/cho-thue-phong-tro-tang-3-khep-kin-35m2-pr670926.html
Cho thuê phòng cực rẻ 2 chỗ ngủ tại ngõ 32/84 đỗ đức dục – mễ trì,3.2,26 m²2,"Đỗ Đức Dục, Phường Mễ Trì, Quận Nam Từ Liêm, Hà Nội -Xem bản đồ","Cho thuê phòng khép kín tại 32 Đỗ Đức Dục vị trí trung tâm gần trung tâm hội nghị quốc gia, KeanNam - Diện tích rộng 26m phòng thoáng cửa sổ giá chỉ 3tr2 và không giới hạn người ở Cam kết như hình - Gác xép - Tủ - Điều hoà - Nóng lạnh - Khu Bàn bếp - Không gian có thể kê thêm giường ở dưới nếu ở đông - Chỗ để xe tầng 1 rộng rãi free, máy giặt chung Ảnh thực tế Mời khách hàng qua xem nhà miễn phí hoặc nhắn zalo cho e để tiện trao đổi và nhận video phòng",https://phongtro123.com/cho-thue-phong-cuc-re-2-cho-ngu-tai-ngo-32-84-do-duc-duc-me-tri-pr670869.html
PHÒNG TRỌ ĐỦ ĐỒ GẦN HH LINH ĐÀM,3.9,35 m²2,"Kim Giang, Phường Đại Kim, Quận Hoàng Mai, Hà Nội -Xem bản đồ","CĂN HỘ CÓ THỂ ĐEM VALI VÀO Ở NGAY CẠNH KHU BIỆT THỰ THE MANOR ( Phòng y hình không gian dối) Vị trí : Hẻm 734 Kim Giang cách khu biệt thự The Manor 50m, cách HH Linh Đàm chỉ 150m Nội khu : Toà nhà mới xây 100%, có thang máy, PCCC đầy đủ, camera an ninh, nhà xe rộng có cho để xe điện Nội thất: Nóng lạnh, điều hoà, giường, tủ, chăn, dra, tủ giày, gương( sofa và tủ lạnh thêm theo yêu cầu) Ngoại khu : gần chợ, khu đô thị The Manor, big C Giá : 3tr9-4tr2( phòng cửa sổ) || 4tr1-4tr5 (phòng ban công) Ưu đãi : thương lượng giá cho khách thiện chí ️️️ SỐ LƯỢNG ƯU ĐI CÓ HẠN LIÊN HỆ NGAY ĐỂ NHẬN NHỮNG SUẤT ƯU ĐÃI CUỐI CÙNG",https://phongtro123.com/phong-tro-du-do-gan-hh-linh-dam-pr670778.html
"Phòng trọ mới xây Tân Xã, Thạch Thất, DT 20m², đầy đủ NT, giá rẻ 1,6 triệu/tháng",1.6,20 m²2,"Xã Tân Xã, Huyện Thạch Thất, Hà Nội -Xem bản đồ","Phòng trọ khép kín tại Tân Xã mới: - Diện tích 20m². - Trang bị đầy đủ tiện nghi bao gồm giường gỗ 1m8, bàn học gỗ, tủ quần áo gỗ, điều hòa, bình nóng lạnh và wifi trong phòng. - Tiện ích: Có khu vực phơi quần áo, tầng để xe rộng rãi. Phòng thoáng mát, cửa ra vào rộng rãi. Tòa nhà có thang thoát hiểm và PCCC an toàn. - Ưu điểm: Nhà mới xây, sạch sẽ, mọi đồ dùng đều mới. Chỉ cần mang đồ đến là có thể ở ngay. - Ưu tiên cho học sinh, sinh viên. - Giá thuê: 1,6 triệu/tháng. Địa chỉ: Ngõ 122, đường Tân Xã, Đường Mục Uyên, xã Tân Xã, huyện Thạch Thất, Hà Nội. Liên hệ: Anh Tài – 0983.048.661 để biết thêm thông tin.",https://phongtro123.com/phong-tro-moi-xay-tan-xa-thach-that-dt-20m2-day-du-nt-gia-re-1-6-trieu-thang-pr670381.html
CHO THUÊ 1 PHÒNG BAN CÔNG TẠI 279 ĐỘI CẤN - BA ĐÌNH full nội thất,5.5,25 m²2,"Đội Cấn, Phường Đội Cấn, Quận Ba Đình, Hà Nội -Xem bản đồ","Full nội thất, điều hoà, tủ lạnh, máy giặt Hệ thông pccc đảm bảo tiêu chuẩn , toàn bộ cửa phòng là cửa pccc đã được kiểm định, hệ thống phun nước tự động phủ kín nhà ( hành lang và trong phòng , khu để xe) Tiền mạng + vs : 50k/1phòng Điện 4k/1số , nước 30k/1 khối Tiền sinh hoạt chung 250k/1phòng trong đó có : -giặt chung -điện hành lang + thang máy -tuần 2 buổi vệ sinh dọn dẹp hành lang cầu thang khu để xe - rác sinh hoạt tập kết tầng 1 cuối ngày có người thu gom",https://phongtro123.com/cho-thue-1-phong-ban-cong-tai-279-doi-can-ba-dinh-full-noi-that-pr670201.html
"Chính chủ cho thuê phòng khép kín có gác xép 20m2, ở hoặc có thể làm cửa hàng - Ngõ 26, Phố Doãn Kế Thiện",4.5,20 m²2,"Phố Doãn Kế Thiện, Phường Mai Dịch, Quận Cầu Giấy, Hà Nội -Xem bản đồ","Chính chủ cho thuê phòng trọ mặt ngõ 26 Doãn Kế Thiện, Mai Dịch, Cầu Giấy. Diện tích 20m² có gác xép, điều hòa, vệ sinh nóng lạnh và bếp khép kín! Đối diện trường tiểu học Ở hoặc có thể làm cửa hàng không chung chủ giá 4,5 tr/ tháng (cọc 1 đóng 3) Liên hệ A Việt 0943 141998 chính chủ miễn môi giới!",https://phongtro123.com/chinh-chu-cho-thue-phong-khep-kin-co-gac-xep-20m2-bep-va-vs-nong-lanh-co-the-lam-cua-hang-ngo-26-pho-doan-ke-thien-pr668687.html
[Cho thuê nhà C4] cuối ngõ 176 Nguyễn đình hoàn,2.5,20 m²2,"176 Nguyễn Đình Hoàn, Phường Nghĩa Đô, Quận Cầu Giấy, Hà Nội -Xem bản đồ","[Cho thuê nhà C4] cuối ngõ 176 Nguyễn đình hoàn Vị trí thuận tiện đi lại giao thông gần chợ bưởi , đầu hoàng quốc việt , tiếp giáp đường bờ sông ,chợ , trường .. và các khu vực xung quanh . Đặc biệt ko bao h bị ngập vì khu vực này rất cao Diện tích sử dụng 1 phòng gồm khu bếp , wc khép kín ( 20m2) thông ra sân nhỏ tiện giặt giũ phơi phóng Đi riêng không chung chủ , tự do , thoải mái , xe gì cũng dc , nuôi pet tuỳ sở thích Trang bị : giường , nóng lạnh và internet cơ bản Giá thuê :2tr5 , điện tính công tơ riêng , nước 80k /1 người , internet 100k /1 tháng Đóng tháng 1 - cọc 1 tháng có thể dọn vào luôn Liên hệ zalo hoặc gọi số : 0836605536",https://phongtro123.com/cho-thue-nha-c4-cuoi-ngo-176-nguyen-dinh-hoan-pr669617.html
[Cho thuê nhà C4] cuối ngõ 176 Nguyễn đình hoàn,2.5,20 m²2,"176 Nguyễn Đình Hoàn, Phường Nghĩa Đô, Quận Cầu Giấy, Hà Nội -Xem bản đồ","Vị trí thuận tiện đi lại giao thông gần chợ bưởi , đầu hoàng quốc việt , tiếp giáp đường bờ sông ,chợ , trường .. và các khu vực xung quanh . Đặc biệt ko bao h bị ngập vì khu vực này rất cao Diện tích sử dụng 1 phòng gồm khu bếp , wc khép kín ( 20m2) thông ra sân nhỏ tiện giặt giũ phơi phóng Đi riêng không chung chủ , tự do , thoải mái , xe gì cũng dc , nuôi pet tuỳ sở thích Trang bị : giường , nóng lạnh và internet cơ bản Giá thuê :2tr5 , điện tính công tơ riêng , nước 80k /1 người , internet 100k /1 tháng Đóng tháng 1 - cọc 1 tháng có thể dọn vào luôn",https://phongtro123.com/cho-thue-nha-c4-cuoi-ngo-176-nguyen-dinh-hoan-2-pr669923.html
Cho Thuê CCMN mới xây đối diện cao đẳng FPT,3.7,22 m²2,"3 Đường Phương Canh, Phường Phương Canh, Quận Nam Từ Liêm, Hà Nội -Xem bản đồ","Khai trường CCMN mới toanh +) Phòng đã được trang bị đầy đủ đồ: tủ lạnh, điều hoà, máy giặt, tủ bếp, giường tủ, hút mùi, báo động cháy nổ được trang bị từng phòng ...... chỉ việc sách valy đến là ở. +) Có thang máy +) Mỗi tầng đều được trang bị thang thoát hiểm 2 bộ, bình chữa cháy, vòi chữa cháy, cảm biến chữa cháy + báo cháy tự động. +) Chỗ để xe rộng dãi. +) Khoá cửa vân tay, ra vào tự do 24/7 +) không chung chủ. +) Đóng 1 cọc 1. +) Giá phòng chỉ từ 3xxx bao giá toàn khu vực. +) Đối diện cao đẳng FPT, gần cao đẳng Việt Á, đại học công nghệ Đông á .....10:06/-strong/-heart:>:o:-((:-h 15:34 Hôm qua2411100UPSPYHAM.pdf138.13 KB•Lưu bền Cloud•Nhấn để xem trước•Click để xem thư mục",https://phongtro123.com/cho-thue-ccmn-moi-xay-doi-dien-cao-dang-fpt-pr669799.html
Phòng trọ VSKK - Điện nước giá dân - Có thể ở ngay,3.6,24 m²2,"Ngõ 28 Đại Linh, Phường Trung Văn, Quận Nam Từ Liêm, Hà Nội -Xem bản đồ","Còn trống 01 phòng vệ sinh khép kín tầng 2 - 3tr6 Địa chỉ: ngõ 28, Đại Linh,Trung Văn, Nam Từ Liêm Diện tích: 24m2 Có gác xép Phòng thoáng có Lô Gia Nội thất: tủ quần áo, bàn bếp, nóng lạnh, điều hoà, giường, quạt trần, máy giặt chung Tiện ích: cổng vân tay, giờ giấc tự do, an ninh đảm bảo, chỗ để xe rộng rãi. Giá: - Phòng: 3tr6 - Điện: 3.8k/số - Nước: 30k/khối - Mạng: 100k/phòng - Dịch vụ: 50k/người Miễn phí internet và dịch vụ tháng đầu tiên ️ 0365801570",https://phongtro123.com/phong-tro-vskk-dien-nuoc-gia-dan-co-the-o-ngay-pr669762.html
cho thuê phòng ở f361 an dương tây hồ hnoi,3.5,30 m²2,"f361 An Dương, Phường Yên Phụ, Quận Tây Hồ, Hà Nội -Xem bản đồ","Nhà còn 3 phòng trống tầng 2.,3 cho thuê,diện tích 20m và 30m khép kín,thoáng sạch sẽ,điện nước giá bình dân,có thể cho thuê cả sàn 67m làm văn phòng,có chỗ để xe,an ninh tốt,đường to ô tô đõ cửa,cho thuê từng phòng,nhắn tin hoặc liên hệ trực tiếp tiền cọc: 3.500.000 đ/tháng phòng diện tích bé hơn thì rẻ hơn F361 An dương, Phường Yên Phụ, Quận Tây Hồ, Hà Nội LH: 0904458835",https://phongtro123.com/cho-thue-phong-o-f361-an-duong-tay-ho-hnoi-pr669745.html
